year,onset_time,total_mm,duration_h,API_24h,API_48h,API_72h,SM5_ante,SM50_ante
2016,2016-01-21 21:00:00,24.6,13.5,0.0,0.0,0.0,35.5,29.8
2016,2016-01-27 00:45:00,1.2,1.75,0.0,0.0,0.0,35.8,30.0
2016,2016-03-13 15:15:00,11.4,1.5,0.4,0.4,0.4,35.4,28.4
2016,2016-04-14 17:00:00,1.3,0.5,0.0,0.0,0.0,35.5,26.6
2016,2016-04-16 18:15:00,0.5,0.25,0.0,0.0,1.3,35.4,25.8
2016,2016-04-20 16:00:00,1.1,0.25,0.0,0.0,0.0,35.7,27.0
2016,2016-04-30 17:15:00,4.3,0.5,0.0,0.0,0.0,34.9,26.85
2016,2016-05-03 14:45:00,7.1,2.25,0.2,0.2,4.5,38.2,29.8
2016,2016-05-04 16:45:00,6.0,3.25,2.3,7.3,7.3,38.4,30.9
2016,2016-05-05 14:00:00,10.6,6.75,6.0,13.1,13.3,39.6,31.3
2016,2016-05-07 18:15:00,0.6,1.0,0.0,0.4,11.0,36.85,29.0
2016,2016-05-10 17:30:00,12.8,6.25,0.0,0.0,0.8,36.1,29.3
2016,2016-05-14 20:30:00,7.0,1.25,0.0,0.0,0.0,36.6,28.3
2016,2016-05-16 01:00:00,1.6,0.25,7.0,7.0,7.0,38.0,30.6
2016,2016-05-17 05:30:00,18.2,2.25,0.0,8.6,8.6,39.0,31.1
2016,2016-05-27 17:30:00,2.6,0.25,0.0,0.0,0.0,37.5,29.45
2016,2016-05-28 15:15:00,34.6,8.5,2.6,2.6,2.6,36.9,28.9
2016,2016-05-31 12:15:00,0.8,0.0,0.0,0.0,34.6,37.15,29.6
2016,2016-06-01 16:45:00,0.6,0.0,0.0,0.8,0.8,31.7,36.3
2016,2016-06-02 15:15:00,11.6,0.5,0.6,0.6,1.4,31.3,36.6
2016,2016-06-05 15:45:00,8.8,1.25,0.0,0.0,0.6,30.3,36.4
2016,2016-06-08 15:00:00,5.2,7.25,0.0,0.0,8.8,31.0,36.65
2016,2016-06-09 18:15:00,3.0,13.5,2.0,5.2,5.2,30.7,36.2
2016,2016-06-10 17:30:00,2.6,2.0,3.0,5.8,8.2,30.4,36.4
2016,2016-06-11 01:45:00,3.0,2.75,3.0,5.6,10.8,30.4,35.9
2016,2016-06-11 14:00:00,4.2,3.25,5.6,8.6,13.8,31.1,35.9
2016,2016-06-14 14:30:00,1.0,2.0,0.0,0.2,1.6,31.85,37.0
2016,2016-06-17 15:00:00,2.0,5.75,0.0,0.0,0.8,30.5,36.3
2016,2016-06-18 16:30:00,1.2,0.75,1.8,2.0,2.0,29.9,35.8
2016,2016-06-19 12:15:00,1.6,4.25,1.2,3.2,3.2,29.5,35.9
2016,2016-06-22 14:15:00,8.6,15.25,0.4,0.4,1.4,27.8,35.3
2016,2016-06-24 00:00:00,2.2,9.0,0.8,9.0,9.4,26.8,35.4
2016,2016-06-24 17:30:00,4.4,2.75,2.2,8.0,11.2,26.7,35.4
2016,2016-06-25 13:30:00,1.8,4.75,4.4,6.8,15.6,26.4,35.6
2016,2016-06-26 13:15:00,3.2,4.25,2.2,6.6,9.0,26.1,35.5
2016,2016-06-26 23:45:00,92.4,94.25,3.6,5.4,12.0,26.1,35.5
2016,2016-07-01 04:45:00,2.8,5.0,5.6,15.8,75.4,33.6,40.2
2016,2016-07-02 21:30:00,1.4,1.0,0.0,3.0,9.4,32.8,38.1
2016,2016-07-03 15:45:00,2.0,16.5,1.4,1.4,6.2,32.1,36.5
2016,2016-07-04 16:00:00,4.4,8.5,1.8,3.4,3.4,31.5,36.3
2016,2016-07-05 19:45:00,2.4,1.5,2.6,6.2,8.2,30.6,36.1
2016,2016-07-06 06:45:00,5.6,21.5,2.8,8.0,9.2,30.4,35.95
2016,2016-07-07 12:30:00,5.2,5.75,3.0,8.0,12.8,29.6,35.9
2016,2016-07-08 11:00:00,4.2,21.75,5.2,9.8,13.2,29.5,35.9
2016,2016-07-09 17:00:00,15.2,43.75,3.6,4.6,12.2,29.4,36.2
2016,2016-07-12 00:00:00,2.8,9.25,2.2,12.0,17.0,29.7,35.7
2016,2016-07-12 22:15:00,1.2,2.0,2.8,5.0,15.0,29.8,35.7
2016,2016-07-15 19:45:00,4.0,2.75,0.0,0.0,1.4,28.15,35.4
2016,2016-07-16 16:15:00,0.8,0.25,4.0,4.0,4.0,27.2,35.0
2016,2016-07-20 21:30:00,8.6,8.0,0.0,0.0,0.0,24.45,34.9
2016,2016-07-21 15:15:00,4.0,1.0,8.6,8.6,8.6,23.9,35.1
2016,2016-07-22 00:00:00,1.0,1.5,10.4,12.6,12.6,23.9,35.1
2016,2016-07-22 10:45:00,1.4,4.75,5.0,13.6,13.6,24.0,35.0
2016,2016-07-23 01:00:00,1.4,3.25,1.8,11.8,15.0,24.0,34.6
2016,2016-07-23 13:00:00,0.6,0.25,1.8,7.8,16.4,24.0,34.6
2016,2016-07-25 22:15:00,2.4,6.5,0.0,0.0,2.0,23.4,34.4
2016,2016-07-26 20:30:00,8.8,3.75,2.4,2.4,2.4,22.8,34.4
2016,2016-07-28 17:15:00,10.4,11.0,0.0,9.2,11.6,31.1,36.05
2016,2016-07-30 07:00:00,4.0,7.5,0.4,10.8,11.2,31.8,35.25
2016,2016-08-01 14:30:00,1.2,0.25,0.0,0.2,4.4,30.4,35.1
2016,2016-08-05 01:30:00,2.2,2.25,0.0,0.0,0.0,26.05,34.7
2016,2016-08-05 17:30:00,5.6,11.25,2.4,2.4,2.4,25.4,34.3
2016,2016-08-06 17:45:00,0.8,0.0,4.4,8.0,8.0,31.25,37.0
2016,2016-08-07 06:15:00,4.6,10.75,0.8,6.6,8.8,30.7,35.9
2016,2016-08-08 06:15:00,3.8,12.75,4.6,5.4,11.2,30.1,35.3
2016,2016-08-10 15:00:00,1.0,0.0,0.0,3.2,6.0,29.0,34.9
2016,2016-08-12 18:00:00,0.6,3.75,0.0,0.0,1.0,27.8,34.5
2016,2016-08-14 08:30:00,1.0,6.75,0.0,0.6,0.6,26.7,34.1
2016,2016-08-15 06:30:00,1.0,0.75,1.0,1.0,1.6,26.2,34.1
2016,2016-08-15 15:15:00,0.8,2.5,1.2,2.0,2.6,26.2,34.1
2016,2016-08-16 02:00:00,0.8,3.75,1.8,2.8,2.8,25.8,34.2
2016,2016-08-16 12:45:00,1.2,5.5,1.6,3.4,3.6,25.5,34.2
2016,2016-08-17 02:45:00,1.2,3.25,1.8,3.8,4.8,25.3,34.6
2016,2016-08-17 13:30:00,2.4,1.5,2.0,4.0,5.4,25.0,34.6
2016,2016-08-23 08:45:00,2.0,0.25,0.0,0.0,0.0,21.4,33.3
2016,2016-08-27 23:30:00,3.8,4.0,0.2,0.2,0.2,19.8,31.6
2016,2016-08-28 18:00:00,1.0,2.75,3.8,4.0,4.0,19.6,31.3
2016,2016-08-30 13:30:00,0.8,0.75,0.0,1.0,4.8,19.3,30.7
2016,2016-09-06 14:00:00,2.0,1.0,0.0,0.4,0.4,18.6,28.3
2016,2016-09-14 14:30:00,3.4,0.25,0.0,0.0,0.0,17.5,26.3
2016,2016-09-16 14:45:00,0.6,0.0,0.0,0.2,3.4,31.2,37.1
2016,2016-09-20 14:45:00,1.0,1.5,0.2,0.2,0.2,31.8,37.6
2016,2016-09-21 11:00:00,2.8,10.0,1.0,1.2,1.2,31.1,36.8
2016,2016-09-22 18:45:00,1.8,0.25,1.0,2.8,4.0,30.4,36.1
2016,2016-09-26 13:30:00,4.0,2.75,0.0,0.0,0.2,29.3,35.8
2016,2016-10-08 15:45:00,1.4,0.25,0.0,0.0,0.0,30.7,37.0
2016,2016-10-13 16:30:00,40.2,1.75,0.0,0.0,0.0,27.5,35.1
2016,2016-10-31 03:00:00,0.6,0.0,0.0,0.0,0.0,31.7,38.7
2016,2016-11-01 16:00:00,26.8,0.0,0.0,0.6,0.6,33.2,39.5
2016,2016-11-13 17:45:00,0.6,0.25,0.0,0.0,0.0,26.2,33.8
2016,2016-11-14 16:45:00,0.6,0.25,0.6,0.6,0.6,25.5,33.5
2016,2016-12-01 15:00:00,1.0,6.25,0.0,0.0,0.0,26.8,35.0
2016,2016-12-03 05:00:00,0.9,1.25,0.0,1.0,1.0,26.0,34.3
2016,2016-12-03 14:45:00,0.9,0.5,0.9,1.9,1.9,26.0,34.3
2016,2016-12-13 01:30:00,13.0,20.0,0.0,0.0,0.0,26.7,34.9
2017,2017-01-26 16:30:00,1.6,3.0,0.0,0.0,0.0,11.5,14.2
2017,2017-01-27 15:15:00,2.7,5.75,1.6,1.6,1.6,11.2,13.85
2017,2017-02-28 11:00:00,0.9,0.0,0.0,0.0,0.0,6.55,7.3
2017,2017-03-07 14:00:00,42.8,3.0,0.4,0.4,0.4,6.1,6.7
2017,2017-03-20 19:15:00,0.9,0.25,0.0,0.0,0.2,12.6,14.3
2017,2017-04-03 17:00:00,2.4,1.25,0.0,0.0,0.0,9.9,10.45
2017,2017-04-04 15:15:00,16.0,0.75,2.4,2.4,2.4,9.9,10.0
2017,2017-04-05 17:45:00,34.2,1.25,0.0,17.6,18.4,9.9,17.0
2017,2017-04-06 21:15:00,6.0,1.0,0.0,34.2,50.2,25.55,22.1
2017,2017-04-10 18:00:00,0.8,0.5,0.0,0.0,0.2,18.0,21.3
2017,2017-04-20 20:30:00,5.2,1.5,0.0,0.0,0.2,13.2,11.8
2017,2017-05-03 16:00:00,25.0,2.0,0.0,0.0,0.0,9.2,8.8
2017,2017-05-04 18:00:00,4.8,0.5,0.2,25.0,25.0,9.0,8.6
2017,2017-05-07 20:15:00,2.4,0.25,0.0,0.0,0.4,9.1,14.95
2017,2017-05-10 18:15:00,0.6,1.25,0.0,0.0,2.6,9.2,15.9
2017,2017-05-11 01:45:00,2.0,6.0,0.6,0.6,0.8,9.2,15.6
2017,2017-05-15 01:15:00,1.2,1.5,0.0,0.0,0.0,9.6,11.8
2017,2017-05-18 02:30:00,9.0,0.5,0.0,0.0,0.2,9.3,10.1
2017,2017-05-18 23:15:00,16.8,4.0,9.0,9.0,9.0,27.6,22.3
2017,2017-05-20 23:45:00,12.2,3.25,0.0,13.4,25.8,21.3,21.5
2017,2017-05-22 01:15:00,7.6,3.25,8.0,12.2,14.4,24.45,24.25
2017,2017-05-23 01:30:00,1.6,0.25,7.2,13.8,19.8,26.3,24.3
2017,2017-05-25 01:15:00,7.0,2.25,0.0,1.6,9.2,19.6,20.7
2017,2017-05-27 02:15:00,40.4,4.75,0.0,1.4,7.2,20.4,21.1
2017,2017-06-07 02:15:00,1.0,0.5,0.2,0.2,0.2,16.5,17.2
2017,2017-06-11 00:45:00,1.2,4.75,0.4,0.4,0.4,15.8,15.7
2017,2017-06-12 05:30:00,0.8,2.75,0.4,1.6,1.6,15.6,16.5
2017,2017-06-12 18:30:00,5.2,2.25,0.8,2.0,2.4,15.4,16.5
2017,2017-06-14 16:30:00,2.4,0.25,0.2,5.8,6.6,15.3,16.7
2017,2017-06-16 14:15:00,5.8,0.25,0.0,2.4,3.0,15.2,16.8
2017,2017-06-17 13:45:00,0.8,0.0,5.8,5.8,8.2,15.2,16.85
2017,2017-06-20 13:45:00,5.0,5.25,0.0,0.0,0.8,14.8,16.6
2017,2017-06-21 11:30:00,1.4,5.5,5.0,5.0,5.0,25.9,24.7
2017,2017-06-25 13:30:00,2.0,0.5,0.2,0.4,0.6,18.0,19.5
2017,2017-06-26 04:00:00,4.4,1.0,2.0,2.4,2.6,17.7,19.2
2017,2017-06-26 16:30:00,8.0,23.0,4.4,6.6,6.8,17.4,19.1
2017,2017-06-28 03:45:00,2.6,7.25,6.4,12.4,14.4,16.9,19.7
2017,2017-06-30 00:30:00,5.8,30.25,0.4,3.2,9.8,17.4,19.7
2017,2017-07-03 14:30:00,4.4,3.5,0.0,0.2,1.8,16.6,18.7
2017,2017-07-05 01:30:00,3.2,7.5,0.2,4.6,4.6,16.3,18.7
2017,2017-07-06 04:15:00,3.0,15.25,2.8,3.4,7.8,16.0,18.5
2017,2017-07-07 20:30:00,0.6,0.0,0.4,3.4,6.6,15.7,18.5
2017,2017-07-13 13:30:00,4.6,4.75,0.0,0.4,0.6,14.2,17.5
2017,2017-07-14 04:15:00,2.8,10.5,4.6,4.6,5.2,13.9,17.15
2017,2017-07-15 03:30:00,1.4,1.75,2.8,7.4,7.4,13.5,16.8
2017,2017-07-15 13:00:00,1.4,0.5,2.2,8.8,8.8,13.2,16.7
2017,2017-07-15 23:00:00,1.4,0.5,2.8,5.6,10.2,13.2,16.7
2017,2017-07-16 07:00:00,1.8,0.75,2.8,6.8,11.6,12.7,16.6
2017,2017-07-16 14:00:00,2.8,5.75,3.2,6.8,12.6,12.6,16.6
2017,2017-07-17 23:45:00,23.2,39.5,0.2,4.8,9.0,11.65,16.7
2017,2017-07-19 23:00:00,0.6,1.75,16.0,23.2,23.4,11.5,17.3
2017,2017-07-20 14:45:00,0.8,0.0,2.0,17.8,23.8,33.6,27.35
2017,2017-07-21 13:30:00,3.0,4.5,1.0,5.4,19.8,23.0,24.2
2017,2017-07-22 07:45:00,1.2,3.75,3.0,4.0,18.4,20.8,23.9
2017,2017-07-26 12:00:00,0.6,0.5,0.0,0.0,0.4,15.7,19.9
2017,2017-07-28 03:30:00,0.8,0.5,0.2,0.8,0.8,14.3,19.0
2017,2017-08-03 13:00:00,9.6,13.25,0.0,0.0,0.0,10.1,14.8
2017,2017-08-04 13:45:00,0.8,6.75,9.2,9.6,9.6,10.0,14.3
2017,2017-08-05 05:00:00,6.2,9.5,0.8,10.4,10.4,9.9,14.3
2017,2017-08-06 07:45:00,1.8,4.5,2.2,7.0,16.6,9.7,15.1
2017,2017-08-07 15:30:00,7.6,0.5,0.0,1.8,8.6,9.9,16.0
2017,2017-08-09 10:45:00,30.4,10.25,0.0,7.6,8.6,9.8,15.5
2017,2017-08-14 19:45:00,10.2,11.5,0.0,0.0,0.0,16.3,19.6
2017,2017-08-15 16:30:00,12.0,13.0,10.2,10.2,10.2,16.05,23.2
2017,2017-08-16 13:30:00,0.6,0.25,12.0,22.2,22.2,45.65,26.2
2017,2017-08-17 13:30:00,2.2,5.75,0.8,12.8,23.0,22.5,24.2
2017,2017-08-18 13:00:00,3.4,3.5,2.6,3.4,15.4,19.9,23.0
2017,2017-08-18 23:45:00,4.2,18.25,3.8,6.0,10.8,19.6,22.9
2017,2017-08-20 03:00:00,3.0,16.0,4.0,7.6,10.2,18.6,22.1
2017,2017-08-21 15:30:00,1.6,0.25,0.8,3.6,9.4,17.6,21.8
2017,2017-08-22 01:15:00,9.2,5.0,1.8,4.8,8.8,17.3,21.6
2017,2017-08-22 16:30:00,1.8,1.5,9.2,11.6,14.4,17.5,21.8
2017,2017-08-23 12:15:00,17.6,5.25,2.0,12.8,14.4,22.9,24.7
2017,2017-08-26 23:00:00,6.6,12.0,0.0,0.0,0.0,18.8,22.4
2017,2017-08-28 01:15:00,12.0,10.5,6.2,6.6,6.6,18.8,22.9
2017,2017-08-28 18:45:00,6.2,15.5,12.0,18.6,18.6,19.4,24.6
2017,2017-08-30 12:45:00,1.6,5.5,0.0,6.2,18.2,21.6,25.1
2017,2017-09-01 21:45:00,2.6,5.75,0.0,0.0,1.6,19.4,23.4
2017,2017-09-02 16:15:00,1.0,2.25,2.6,2.6,3.2,18.9,22.7
2017,2017-09-03 00:45:00,3.2,3.5,3.2,3.6,3.6,18.9,22.7
2017,2017-09-03 16:30:00,1.0,0.75,4.0,6.8,6.8,20.05,24.1
2017,2017-09-04 18:00:00,39.4,9.75,0.0,4.8,7.8,22.25,26.2
2017,2017-09-05 23:00:00,38.2,4.0,16.4,39.4,43.6,25.6,28.55
2017,2017-09-07 10:30:00,12.8,14.0,0.0,38.2,77.6,21.8,25.85
2017,2017-09-08 17:30:00,20.2,9.5,5.2,12.8,51.0,23.05,28.15
2017,2017-09-09 21:45:00,2.8,3.75,16.4,21.6,33.2,25.25,29.0
2017,2017-09-10 17:15:00,0.8,0.5,2.8,23.2,28.4,23.15,27.4
2017,2017-09-11 04:00:00,4.8,4.0,0.8,3.8,24.0,21.35,26.5
2017,2017-09-16 07:30:00,0.6,0.5,0.0,0.2,0.8,17.8,20.8
2017,2017-09-16 14:30:00,50.8,32.25,0.6,0.8,1.4,17.7,20.6
2017,2017-09-18 12:15:00,3.6,2.5,18.2,50.8,51.4,28.15,29.6
2017,2017-09-18 22:30:00,0.6,5.0,3.8,32.2,55.0,23.5,27.7
2017,2017-09-19 22:15:00,5.6,6.0,0.6,4.6,32.8,21.4,25.8
2017,2017-09-25 00:45:00,7.8,8.0,0.0,0.0,0.0,18.6,22.1
2017,2017-09-26 23:45:00,4.4,8.25,0.2,8.4,8.4,20.9,24.9
2017,2017-09-28 15:15:00,2.0,0.75,0.4,4.8,5.4,20.4,24.2
2017,2017-09-29 05:15:00,0.7,1.25,2.0,4.4,6.8,22.05,27.7
2017,2017-10-02 03:45:00,0.8,3.0,0.0,0.0,0.7,19.2,22.7
2017,2017-10-05 15:15:00,6.5,2.0,0.4,0.4,0.4,18.0,20.0
2017,2017-10-06 00:30:00,5.0,6.25,6.7,6.9,6.9,18.1,20.2
2017,2017-10-11 01:30:00,11.8,5.75,0.0,0.3,0.3,18.8,21.3
2017,2017-10-12 18:45:00,11.4,0.5,0.0,11.8,11.8,22.2,26.6
2017,2017-10-13 15:45:00,3.2,1.25,11.4,11.4,23.2,21.1,25.2
2017,2017-10-21 10:30:00,2.2,0.0,0.0,0.0,0.0,19.55,23.4
2017,2017-10-26 16:15:00,1.2,2.75,0.0,0.0,0.0,18.3,21.4
2017,2017-11-04 23:00:00,13.6,4.25,0.0,0.0,0.0,29.5,15.6
2017,2017-11-20 14:30:00,4.0,2.75,0.0,0.0,0.0,27.8,13.0
2017,2017-11-30 17:15:00,2.4,0.5,0.0,0.0,0.0,28.6,14.2
2017,2017-12-01 03:45:00,11.2,13.5,2.4,2.4,2.4,28.6,14.35
2017,2017-12-02 00:45:00,0.6,2.0,11.2,13.6,13.6,31.9,27.85
2017,2017-12-02 11:15:00,12.2,7.0,5.0,14.2,14.2,31.55,27.5
2017,2017-12-12 16:30:00,13.4,16.75,0.0,0.0,0.0,29.2,15.15
2017,2017-12-13 16:45:00,39.4,1.5,12.6,13.4,13.4,31.3,27.2
2018,2018-02-07 01:00:00,0.8,0.25,0.0,0.0,0.0,14.7,6.6
2018,2018-02-09 16:00:00,5.8,3.25,0.0,0.0,0.8,14.2,6.9
2018,2018-03-13 18:45:00,2.4,0.75,0.0,0.0,0.0,12.5,5.6
2018,2018-03-15 13:15:00,36.6,3.5,0.0,2.4,2.4,12.2,6.0
2018,2018-03-16 14:45:00,21.4,2.25,1.4,36.6,39.0,32.8,26.05
2018,2018-03-17 14:15:00,2.0,5.5,21.4,23.0,58.0,31.1,26.5
2018,2018-03-18 15:45:00,7.2,0.5,1.6,15.2,24.2,29.45,24.3
2018,2018-03-19 16:45:00,2.8,0.25,0.0,8.4,13.0,29.8,26.3
2018,2018-03-29 20:15:00,0.6,0.25,0.0,0.0,0.0,16.5,8.3
2018,2018-03-31 21:00:00,3.2,0.5,0.0,0.2,0.8,16.5,7.9
2018,2018-04-02 21:30:00,13.4,0.25,0.0,0.6,3.2,16.5,7.8
2018,2018-04-06 16:45:00,2.0,0.25,0.0,0.0,0.2,25.1,16.5
2018,2018-04-14 15:30:00,5.6,1.75,0.0,0.0,0.0,21.5,9.3
2018,2018-04-16 23:15:00,7.2,0.5,0.0,0.0,5.6,20.6,8.4
2018,2018-04-17 17:00:00,7.8,0.5,7.2,7.2,10.8,20.3,8.3
2018,2018-04-19 16:45:00,3.2,1.25,0.0,8.0,15.2,19.5,8.6
2018,2018-04-22 17:15:00,25.8,2.0,0.0,0.0,3.2,24.8,17.3
2018,2018-04-24 19:00:00,6.6,2.0,0.0,0.2,25.8,24.1,17.2
2018,2018-05-01 00:30:00,2.0,1.5,0.0,0.0,0.0,24.3,14.1
2018,2018-05-02 00:00:00,11.8,0.25,2.0,2.0,2.0,24.1,12.5
2018,2018-05-02 21:30:00,21.4,3.75,11.8,13.8,13.8,23.7,11.9
2018,2018-05-04 00:00:00,12.4,4.5,0.4,33.4,35.4,28.3,20.8
2018,2018-05-08 18:30:00,15.0,5.75,0.0,0.0,0.0,25.0,15.85
2018,2018-05-09 19:15:00,6.4,0.25,7.6,15.0,15.0,27.9,23.4
2018,2018-05-10 14:15:00,3.6,2.25,6.8,21.8,21.8,26.9,20.7
2018,2018-05-14 14:15:00,1.2,0.0,0.0,0.0,0.0,25.0,16.2
2018,2018-05-15 00:30:00,24.6,2.75,1.2,1.2,1.2,24.9,15.8
2018,2018-05-15 18:45:00,15.2,3.5,24.6,25.8,25.8,27.7,22.8
2018,2018-05-17 18:30:00,33.4,1.0,0.0,15.2,39.8,25.95,19.2
2018,2018-05-19 22:00:00,3.8,4.75,0.0,0.0,33.4,26.4,21.9
2018,2018-05-21 21:45:00,4.8,3.5,0.0,3.8,3.8,25.3,21.3
2018,2018-05-23 23:45:00,1.6,0.75,0.2,0.6,5.0,25.1,18.25
2018,2018-05-24 22:30:00,31.4,4.25,1.6,1.8,2.2,24.8,17.6
2018,2018-05-25 14:30:00,52.0,10.0,31.4,33.0,33.2,28.75,25.55
2018,2018-05-28 14:45:00,0.8,0.25,0.0,0.0,52.0,27.4,22.1
2018,2018-05-29 17:45:00,5.8,2.5,0.0,0.8,0.8,26.7,21.4
2018,2018-05-30 16:00:00,6.2,0.5,5.8,5.8,6.6,26.4,21.0
2018,2018-06-02 17:30:00,1.0,2.0,0.0,0.0,0.0,25.9,20.1
2018,2018-06-07 22:45:00,1.0,10.25,0.0,0.0,0.2,26.1,20.2
2018,2018-06-08 17:15:00,40.2,49.0,1.0,1.0,1.0,26.1,19.7
2018,2018-06-11 02:15:00,4.8,11.0,9.6,35.4,40.8,29.2,25.0
2018,2018-06-11 20:00:00,6.4,11.75,4.8,19.0,44.0,28.0,24.1
2018,2018-06-12 14:00:00,10.0,0.25,6.4,12.0,37.0,27.6,23.2
2018,2018-06-14 02:00:00,19.6,12.25,0.0,15.8,21.2,27.6,23.4
2018,2018-06-18 16:30:00,10.6,0.5,0.4,0.6,0.6,26.2,21.2
2018,2018-06-20 01:45:00,2.8,6.25,0.2,11.2,11.2,27.4,22.9
2018,2018-06-21 02:45:00,4.0,14.75,2.8,3.0,14.0,26.6,21.8
2018,2018-06-22 12:45:00,1.4,6.25,3.4,4.2,7.0,26.0,21.05
2018,2018-06-23 14:00:00,7.4,3.0,1.2,3.2,5.4,25.9,20.75
2018,2018-06-25 08:30:00,0.6,0.25,0.4,7.8,9.2,25.6,20.2
2018,2018-06-27 21:30:00,0.6,0.5,0.2,0.4,1.2,25.3,19.45
2018,2018-06-28 15:45:00,3.6,7.0,0.8,0.8,1.2,25.0,19.3
2018,2018-06-29 12:45:00,20.8,2.5,3.6,4.4,4.4,25.0,18.7
2018,2018-06-30 14:15:00,8.0,1.25,20.8,24.4,25.2,24.9,18.9
2018,2018-07-01 15:45:00,8.2,0.25,8.0,28.8,32.4,27.9,23.55
2018,2018-07-06 10:30:00,43.4,77.25,0.0,0.0,0.0,26.0,20.8
2018,2018-07-10 09:30:00,48.2,47.25,1.8,8.0,21.6,27.8,23.5
2018,2018-07-12 19:00:00,35.8,43.5,7.0,42.4,48.2,29.35,27.55
2018,2018-07-14 23:00:00,46.4,47.0,5.4,29.0,39.6,27.8,26.0
2018,2018-07-17 04:45:00,11.0,22.25,20.4,36.2,51.2,28.2,27.3
2018,2018-07-18 10:00:00,9.0,44.0,9.0,26.4,44.4,27.3,25.8
2018,2018-07-21 09:00:00,4.6,27.75,0.2,3.2,9.2,26.55,24.2
2018,2018-07-22 19:15:00,8.6,29.5,2.0,4.6,6.8,26.2,23.75
2018,2018-07-24 11:00:00,8.0,8.75,3.8,8.8,11.8,27.0,25.2
2018,2018-07-25 05:15:00,2.0,7.25,8.0,13.0,17.6,27.4,25.6
2018,2018-07-25 19:30:00,16.0,8.75,2.2,10.8,18.4,27.4,24.7
2018,2018-07-26 11:45:00,2.0,22.25,17.0,24.6,29.8,27.3,25.4
2018,2018-07-28 13:45:00,3.6,3.5,0.0,1.4,18.0,26.6,22.4
2018,2018-07-31 13:45:00,1.6,1.5,0.0,0.0,3.6,25.5,20.9
2018,2018-08-06 11:45:00,1.0,0.25,0.0,0.0,0.0,25.0,17.4
2018,2018-08-07 08:30:00,1.0,0.25,1.0,1.0,1.0,25.0,16.95
2018,2018-08-07 15:15:00,5.8,13.5,1.0,2.0,2.0,25.0,16.7
2018,2018-08-08 13:00:00,9.6,15.75,5.8,6.8,7.8,24.8,16.4
2018,2018-08-09 18:45:00,4.4,24.25,7.6,14.8,16.4,29.05,25.9
2018,2018-08-11 01:15:00,2.8,4.25,4.0,9.2,16.6,27.7,23.0
2018,2018-08-12 02:00:00,136.8,125.75,1.2,6.6,12.0,27.3,22.1
2018,2018-08-17 15:30:00,3.2,16.75,24.4,64.0,84.2,30.4,29.15
2018,2018-08-18 21:15:00,12.6,39.0,1.4,23.2,64.4,27.7,25.3
2018,2018-08-22 03:15:00,0.8,0.75,0.0,0.6,11.6,26.65,22.7
2018,2018-08-22 19:15:00,1.6,6.0,0.8,0.8,6.4,26.5,21.8
2018,2018-08-25 18:00:00,4.6,0.25,0.0,0.0,1.6,25.6,19.2
2018,2018-08-27 11:30:00,6.0,4.75,0.0,4.8,4.8,25.4,18.2
2018,2018-08-28 01:30:00,0.8,2.5,6.0,6.2,10.8,25.4,18.2
2018,2018-08-29 01:15:00,7.8,3.25,0.8,6.8,7.0,25.7,19.4
2018,2018-08-29 14:15:00,5.2,6.75,7.8,14.2,14.6,25.8,19.8
2018,2018-08-30 17:15:00,19.8,13.0,0.2,13.0,14.2,27.4,25.0
2018,2018-09-11 14:00:00,15.0,1.25,0.0,0.0,0.0,23.3,11.4
2018,2018-09-15 19:30:00,9.0,11.5,0.0,0.0,0.0,19.2,10.0
2018,2018-09-17 16:45:00,2.4,0.5,0.0,9.0,9.0,27.6,19.75
2018,2018-09-23 15:30:00,24.2,2.25,0.0,0.0,0.0,22.4,14.1
2018,2018-09-24 02:45:00,44.4,2.0,24.2,24.2,24.2,22.0,13.95
2018,2018-09-24 17:30:00,1.2,0.75,68.6,68.6,68.6,22.1,15.65
2018,2018-09-25 23:15:00,3.0,6.75,0.0,45.6,69.8,29.45,23.5
2018,2018-09-27 01:45:00,1.8,2.75,0.8,3.0,48.6,29.7,24.0
2018,2018-09-28 02:15:00,15.4,1.25,1.2,2.6,4.8,29.1,23.5
2018,2018-09-28 16:45:00,13.6,0.5,15.4,17.2,20.2,29.0,23.3
2018,2018-09-29 00:30:00,13.6,7.0,29.0,30.8,33.8,29.3,24.75
2018,2018-09-30 18:30:00,1.2,0.0,0.0,13.6,42.6,28.7,23.8
2018,2018-10-02 16:15:00,18.6,0.75,0.0,1.4,1.4,27.2,20.5
2018,2018-10-03 16:15:00,53.2,5.5,18.6,18.6,20.0,28.7,24.9
2018,2018-10-04 06:30:00,7.0,5.75,53.2,71.8,72.0,30.2,27.1
2018,2018-10-06 22:30:00,4.6,2.5,0.0,0.2,7.2,27.5,21.6
2018,2018-10-08 15:15:00,60.0,1.75,0.0,4.6,4.8,26.9,20.6
2018,2018-10-08 23:30:00,19.8,0.75,60.0,64.6,64.6,26.9,20.3
2018,2018-10-09 21:30:00,0.6,0.5,79.8,79.8,84.4,30.2,
2018,2018-10-14 15:45:00,6.0,11.5,0.0,0.0,0.0,25.6,
2018,2018-10-15 18:15:00,2.8,4.0,6.0,6.0,6.0,28.0,
2018,2018-10-16 14:30:00,46.0,13.75,2.8,8.8,8.8,28.9,
2018,2018-10-20 13:15:00,36.2,1.5,0.0,0.0,0.6,27.4,
2018,2018-10-21 19:30:00,1.8,0.75,36.2,36.2,36.2,28.9,
2018,2018-11-03 03:30:00,7.4,1.5,0.0,0.0,0.0,25.9,
2018,2018-11-16 14:15:00,4.8,2.75,0.0,0.0,0.0,26.05,
2018,2018-11-22 10:00:00,1.0,4.75,0.0,0.0,0.0,26.3,
2018,2018-12-23 16:00:00,11.4,1.5,0.0,0.0,0.0,24.8,
2019,2019-04-11 16:30:00,8.6,0.75,0.0,0.0,0.0,11.0,10.35
2019,2019-04-17 15:00:00,12.6,0.75,0.0,0.0,0.0,10.8,10.4
2019,2019-04-18 23:15:00,1.0,0.25,0.2,12.8,12.8,11.1,10.3
2019,2019-04-19 16:15:00,2.0,3.75,1.2,13.8,13.8,11.3,10.3
2019,2019-04-20 16:15:00,0.6,0.0,2.0,3.2,15.8,10.8,10.3
2019,2019-04-22 22:15:00,2.8,0.5,0.0,0.8,3.8,22.2,21.3
2019,2019-04-27 17:00:00,6.8,0.25,0.0,0.0,0.0,18.8,18.9
2019,2019-04-29 18:00:00,0.8,0.25,0.0,6.8,6.8,24.7,21.15
2019,2019-04-30 20:00:00,19.0,1.5,0.8,0.8,7.6,25.3,22.7
2019,2019-05-06 14:45:00,2.0,0.5,0.0,0.0,0.0,22.4,19.6
2019,2019-05-08 17:00:00,7.2,0.5,0.0,2.0,2.0,21.7,18.35
2019,2019-05-11 17:15:00,5.2,5.0,0.0,0.0,7.2,27.0,24.3
2019,2019-05-15 19:45:00,6.4,4.5,0.0,0.0,4.4,23.4,19.3
2019,2019-05-17 18:45:00,5.0,1.0,0.0,6.4,6.4,26.85,24.75
2019,2019-05-20 16:45:00,1.0,0.25,0.0,5.0,5.0,23.7,19.7
2019,2019-05-21 17:00:00,13.4,1.0,1.0,1.0,6.0,23.1,18.5
2019,2019-05-23 14:45:00,36.6,6.5,0.0,14.4,14.4,25.4,21.9
2019,2019-05-25 18:30:00,1.2,0.25,0.4,37.0,50.4,26.7,25.4
2019,2019-05-27 01:45:00,0.8,0.25,1.2,1.6,38.2,26.3,24.5
2019,2019-05-28 23:00:00,14.0,1.0,0.0,0.8,2.2,25.3,23.6
2019,2019-05-30 00:00:00,0.6,0.25,14.0,14.0,14.8,26.85,25.9
2019,2019-05-30 23:15:00,2.6,0.0,0.6,14.6,15.4,25.75,24.55
2019,2019-06-05 16:30:00,13.0,7.0,0.0,0.4,0.4,21.6,15.2
2019,2019-06-06 20:15:00,0.6,4.0,13.0,13.0,13.4,20.9,22.3
2019,2019-06-10 11:45:00,1.8,7.0,0.0,0.0,0.8,19.3,15.3
2019,2019-06-11 11:30:00,1.0,5.5,1.8,1.8,2.2,18.9,14.7
2019,2019-06-12 12:45:00,1.8,5.75,1.0,2.8,2.8,18.4,14.4
2019,2019-06-14 15:30:00,11.8,4.25,0.4,2.6,5.0,15.9,14.3
2019,2019-06-23 12:30:00,2.8,0.75,0.2,0.4,0.6,12.9,17.3
2019,2019-06-24 11:00:00,8.2,4.25,2.8,3.0,3.4,12.9,17.3
2019,2019-06-30 10:45:00,1.0,2.75,0.0,0.0,0.0,12.4,13.2
2019,2019-07-04 08:30:00,2.4,2.75,0.0,0.2,1.2,12.1,12.6
2019,2019-07-04 21:15:00,7.2,20.75,2.4,2.4,3.4,12.1,12.6
2019,2019-07-06 21:00:00,4.2,2.5,6.8,9.6,9.6,11.9,23.3
2019,2019-07-08 15:00:00,1.4,0.25,0.0,6.8,13.6,11.9,23.2
2019,2019-07-09 13:45:00,2.0,9.25,1.4,5.6,12.6,11.9,22.2
2019,2019-07-10 20:45:00,0.8,0.0,2.4,3.8,8.0,12.2,21.15
2019,2019-07-11 11:45:00,12.2,6.0,2.4,4.6,8.8,12.2,21.0
2019,2019-07-19 14:15:00,5.8,37.0,0.2,0.2,0.4,12.3,18.9
2019,2019-07-22 14:15:00,10.2,21.25,2.8,5.8,6.0,12.3,17.3
2019,2019-07-26 09:00:00,2.0,3.75,0.0,5.2,11.8,12.5,16.2
2019,2019-07-29 10:30:00,1.0,4.5,0.0,1.0,2.2,12.8,17.2
2019,2019-08-04 12:15:00,1.6,0.0,0.2,0.2,0.2,12.8,14.3
2019,2019-08-04 23:30:00,5.6,8.0,1.6,1.8,1.8,12.8,13.95
2019,2019-08-06 08:30:00,23.8,13.5,5.6,7.4,7.4,12.6,13.6
2019,2019-08-07 13:45:00,196.6,57.5,23.8,31.0,31.2,12.7,21.5
2019,2019-08-11 16:30:00,2.0,4.25,7.8,75.6,187.2,29.4,25.6
2019,2019-08-14 08:45:00,9.2,16.75,0.0,0.2,5.2,26.3,23.1
2019,2019-08-15 15:15:00,3.4,1.5,7.4,9.2,9.2,25.3,22.5
2019,2019-08-16 11:30:00,13.4,4.25,3.4,12.6,12.6,25.1,22.6
2019,2019-08-17 00:30:00,6.6,2.0,13.4,18.6,26.0,25.2,22.8
2019,2019-08-18 00:30:00,2.6,4.0,6.6,23.4,31.2,28.4,25.4
2019,2019-08-19 18:00:00,1.6,1.25,0.0,2.6,22.6,26.8,24.1
2019,2019-08-20 11:45:00,3.0,0.5,1.6,4.2,11.0,26.2,23.6
2019,2019-08-21 00:30:00,10.6,16.25,3.2,4.6,7.2,25.75,23.3
2019,2019-08-23 14:00:00,1.4,0.0,0.0,10.6,15.2,26.75,24.2
2019,2019-08-25 14:30:00,5.4,8.0,0.0,1.6,6.6,25.2,23.1
2019,2019-08-29 14:45:00,5.0,7.0,0.0,0.6,6.0,23.7,21.2
2019,2019-08-30 12:30:00,1.4,5.25,5.0,5.2,6.4,23.5,20.8
2019,2019-09-01 14:30:00,6.0,1.25,0.2,6.6,6.6,22.9,19.9
2019,2019-09-02 15:30:00,3.4,18.75,6.0,7.4,12.6,22.6,19.4
2019,2019-09-04 12:30:00,1.0,1.0,3.0,9.4,10.2,22.4,18.6
2019,2019-09-04 21:30:00,1.6,3.5,2.4,4.4,10.6,22.2,18.5
2019,2019-09-06 21:00:00,0.8,0.25,0.4,3.6,6.4,21.9,17.8
2019,2019-09-07 16:15:00,0.8,0.25,1.2,3.2,6.8,21.7,17.5
2019,2019-09-08 10:00:00,5.2,11.5,1.6,3.4,5.2,21.7,17.1
2019,2019-09-11 13:45:00,9.2,4.5,0.0,4.8,7.0,21.0,16.5
2019,2019-09-15 13:30:00,12.2,3.75,0.0,0.0,9.2,20.9,16.9
2019,2019-09-16 18:15:00,1.6,2.0,12.2,12.2,12.2,20.55,16.6
2019,2019-09-17 17:15:00,5.8,0.5,1.6,13.8,13.8,20.4,16.4
2019,2019-09-23 15:30:00,7.0,0.5,0.0,0.0,0.2,18.5,15.2
2019,2019-09-24 17:30:00,6.8,12.25,7.0,7.0,7.0,18.1,14.9
2019,2019-10-01 15:00:00,11.0,2.5,0.0,0.0,0.2,17.2,14.4
2019,2019-10-03 16:00:00,46.2,1.0,0.0,11.0,11.0,19.4,18.9
2019,2019-10-04 18:45:00,1.8,0.25,46.2,57.2,57.2,21.9,24.1
2019,2019-10-07 19:15:00,5.6,0.5,0.0,1.8,48.0,24.4,21.45
2019,2019-10-09 15:00:00,13.8,5.5,5.6,5.6,7.4,24.4,23.2
2019,2019-10-12 16:30:00,8.6,0.25,0.0,13.8,19.4,24.4,21.2
2019,2019-10-15 15:30:00,2.4,0.5,0.0,8.6,8.6,24.4,23.1
2019,2019-10-16 09:45:00,1.0,12.25,2.4,2.4,11.0,24.4,22.1
2019,2019-10-21 13:00:00,0.8,1.25,0.0,0.4,1.2,24.4,22.4
2019,2019-10-22 13:00:00,0.6,3.25,0.8,1.2,1.2,24.4,23.9
2019,2019-10-23 14:30:00,2.2,0.0,0.6,1.4,1.8,24.4,22.8
2019,2019-10-24 17:30:00,1.8,1.5,2.2,3.6,3.6,24.4,21.7
2019,2019-10-25 15:00:00,12.6,1.25,1.8,4.6,5.4,24.4,20.9
2019,2019-10-29 12:00:00,2.0,0.25,0.0,0.8,15.2,24.4,20.2
2019,2019-10-30 14:15:00,2.0,7.75,2.0,2.0,15.4,24.4,19.6
2019,2019-11-21 15:15:00,0.6,0.0,0.0,0.0,0.0,15.5,11.4
2019,2019-11-27 08:45:00,2.0,0.75,0.0,0.0,0.6,14.1,10.5
2019,2019-12-01 12:00:00,14.2,8.0,0.0,0.0,2.0,13.3,10.1
2020,2020-10-12 14:30:00,10.7,15.75,0.0,0.0,0.0,20.5,32.2
2020,2020-10-17 15:15:00,1.4,0.5,0.0,0.0,0.0,23.2,32.9
2020,2020-10-20 02:45:00,2.2,0.75,0.0,0.0,1.4,22.35,33.1
2020,2020-10-21 04:00:00,0.7,0.25,0.0,2.2,2.2,28.7,34.2
2020,2020-10-22 07:30:00,1.7,0.75,0.2,0.9,3.1,26.5,34.8
2020,2020-11-02 00:30:00,2.8,0.25,0.0,0.0,0.0,21.4,34.0
2020,2020-11-02 07:15:00,1.4,1.0,2.8,2.8,2.8,21.3,34.0
2020,2020-11-02 17:00:00,9.4,1.0,4.2,4.2,4.2,21.0,34.2
2020,2020-11-05 22:30:00,50.2,6.75,0.0,0.0,0.0,23.8,34.2
2020,2020-11-13 04:30:00,4.0,2.75,0.0,0.0,0.0,20.7,35.5
2020,2020-11-13 15:45:00,24.0,8.75,4.0,4.0,4.0,20.3,35.5
2020,2020-11-15 14:45:00,0.6,1.25,0.0,24.0,28.0,25.4,36.4
2020,2020-11-16 01:30:00,1.6,1.25,0.6,0.6,28.6,24.9,36.4
2020,2020-11-16 13:15:00,1.0,0.0,2.2,2.2,26.2,24.7,36.4
2020,2020-11-16 19:45:00,14.0,5.25,2.6,3.2,3.8,24.5,36.4
2020,2020-11-17 18:00:00,11.4,6.5,14.0,16.6,17.2,27.2,37.2
2020,2020-12-03 15:45:00,2.2,14.25,0.0,0.0,0.0,11.7,34.5
2020,2020-12-04 22:00:00,1.0,0.25,1.6,2.2,2.2,11.5,34.2
2020,2020-12-05 13:15:00,1.6,0.5,1.0,3.2,3.2,11.5,34.2
2020,2020-12-06 06:30:00,5.6,15.5,2.0,3.0,5.2,11.5,34.4
2020,2020-12-07 14:30:00,6.8,6.75,4.4,6.2,8.8,17.3,33.9
2020,2020-12-08 23:15:00,1.0,1.75,0.0,7.0,12.6,19.5,34.1
2020,2020-12-31 09:30:00,1.4,1.5,0.0,0.0,0.0,9.0,33.8
2021,2021-01-05 17:00:00,5.2,1.0,0.0,0.0,0.2,33.5,8.6
2021,2021-01-06 23:45:00,27.8,3.25,0.2,5.4,5.4,33.5,16.4
2021,2021-01-14 15:30:00,0.8,1.75,0.0,0.0,0.4,36.4,16.25
2021,2021-04-12 16:45:00,10.8,0.75,0.2,0.2,0.4,26.4,23.8
2021,2021-04-13 17:00:00,5.6,1.0,9.8,11.0,11.0,26.4,23.5
2021,2021-04-14 19:45:00,14.8,6.75,0.2,5.8,16.6,26.1,23.4
2021,2021-04-15 12:45:00,54.8,2.5,14.8,20.6,31.4,26.1,23.35
2021,2021-04-18 03:15:00,4.6,2.75,0.0,0.0,54.8,25.7,30.4
2021,2021-04-20 05:45:00,28.0,1.0,0.0,1.8,4.6,25.8,28.8
2021,2021-04-21 15:15:00,21.6,1.0,0.0,28.0,28.0,25.7,33.05
2021,2021-04-25 20:15:00,2.0,0.25,0.0,0.0,0.2,25.1,33.3
2021,2021-04-28 19:15:00,3.0,1.0,0.0,0.0,2.0,25.4,31.25
2021,2021-04-29 16:15:00,3.6,2.25,3.0,3.0,3.0,25.4,30.2
2021,2021-04-30 17:30:00,5.0,0.25,0.8,6.6,6.6,25.4,29.3
2021,2021-05-09 18:00:00,0.6,0.0,0.0,0.2,0.6,25.1,
2021,2021-05-10 15:45:00,27.4,1.0,0.6,0.6,1.2,26.0,
2021,2021-05-14 22:45:00,9.6,11.25,0.0,0.2,0.2,25.4,
2021,2021-05-15 18:15:00,15.0,22.0,9.6,9.6,9.8,25.7,
2021,2021-05-20 15:30:00,3.0,1.25,0.0,0.0,0.2,25.8,
2021,2021-06-02 13:45:00,3.8,0.5,0.0,0.0,0.0,25.7,
2021,2021-06-05 15:00:00,0.6,2.0,0.4,0.4,0.4,25.7,
2021,2021-06-10 17:00:00,2.0,0.25,0.0,0.0,0.0,25.6,
2021,2021-06-11 16:45:00,3.0,0.0,2.0,2.0,2.0,25.6,
2021,2021-06-12 02:00:00,0.8,0.75,3.0,5.0,5.0,25.75,
2021,2021-06-12 11:15:00,49.8,65.25,3.8,5.8,5.8,25.9,
2021,2021-06-15 20:30:00,2.0,6.25,4.6,15.0,46.2,25.3,
2021,2021-06-16 09:00:00,13.0,4.5,2.0,12.4,42.6,24.7,
2021,2021-06-16 19:45:00,9.4,12.25,15.0,19.6,30.0,24.7,
2021,2021-06-17 15:00:00,2.2,5.25,9.4,24.4,33.2,24.9,
2021,2021-06-19 14:00:00,1.4,0.25,0.0,2.2,11.6,24.8,
2021,2021-06-20 11:30:00,1.8,3.75,1.4,1.4,3.6,24.9,
2021,2021-06-27 14:15:00,0.8,0.25,0.4,0.6,0.6,24.5,
2021,2021-07-04 20:15:00,4.0,8.25,0.0,0.0,0.0,25.0,
2021,2021-07-06 00:30:00,2.4,1.75,2.0,4.0,4.0,24.9,
2021,2021-07-08 13:00:00,0.8,0.0,0.2,0.6,3.0,24.5,
2021,2021-07-09 10:45:00,2.8,0.25,0.8,1.0,1.4,24.6,
2021,2021-07-10 03:15:00,3.0,1.5,2.8,3.6,3.8,24.6,
2021,2021-07-10 12:45:00,3.6,22.25,3.0,6.6,6.8,24.6,
2021,2021-07-11 23:45:00,2.4,3.25,1.0,6.6,9.4,24.1,
2021,2021-07-12 09:45:00,2.0,0.75,2.6,6.0,11.8,24.25,
2021,2021-07-13 01:00:00,22.8,13.25,3.4,5.4,11.0,24.4,
2021,2021-07-13 21:30:00,39.4,50.25,22.8,27.2,29.0,24.2,
2021,2021-07-17 13:30:00,7.6,30.0,6.6,33.2,48.6,21.7,24.6
2021,2021-07-19 12:00:00,2.4,3.0,2.6,7.6,17.2,21.6,25.3
2021,2021-07-21 01:45:00,27.6,38.25,0.4,2.8,9.4,21.3,25.6
2021,2021-07-23 06:15:00,15.4,23.5,15.8,26.4,28.0,24.15,26.2
2021,2021-07-24 12:30:00,2.6,8.75,12.8,27.2,40.2,23.3,26.3
2021,2021-07-25 12:00:00,5.8,20.5,2.6,15.6,29.8,23.2,26.6
2021,2021-07-27 09:45:00,0.8,6.0,0.0,5.8,8.4,22.3,26.6
2021,2021-07-28 09:30:00,0.6,0.5,1.2,1.2,7.0,21.9,26.6
2021,2021-07-30 13:30:00,2.2,4.75,0.4,0.4,1.8,21.5,26.6
2021,2021-07-31 10:00:00,1.0,8.5,2.2,2.6,2.8,21.6,26.4
2021,2021-08-02 16:00:00,2.4,1.25,0.4,0.8,3.2,21.3,
2021,2021-08-03 06:15:00,1.2,9.25,2.4,2.8,3.8,21.4,
2021,2021-08-04 00:45:00,0.6,4.0,1.2,4.0,4.0,21.4,
2021,2021-08-05 04:15:00,0.6,1.0,0.2,1.8,4.2,21.4,
2021,2021-08-05 12:30:00,9.6,26.75,0.6,1.8,4.8,21.4,
2021,2021-08-07 00:00:00,1.2,0.75,5.6,10.2,10.8,21.5,
2021,2021-08-07 07:15:00,3.0,5.25,3.4,10.8,11.4,21.7,
2021,2021-08-08 14:30:00,15.4,1.5,0.4,4.8,13.8,21.7,
2021,2021-08-09 04:00:00,2.2,1.5,15.6,18.8,24.4,23.75,
2021,2021-08-11 20:30:00,1.2,1.25,0.0,0.0,2.2,22.5,
2021,2021-08-12 12:30:00,4.8,4.25,1.2,1.2,1.2,22.45,
2021,2021-08-13 14:00:00,6.8,9.0,4.2,6.0,6.0,22.1,
2021,2021-08-14 14:45:00,2.8,2.5,1.2,11.0,12.8,22.1,
2021,2021-08-17 13:00:00,3.2,4.75,0.0,0.0,2.8,22.1,
2021,2021-08-18 13:45:00,2.8,2.25,2.6,3.2,3.2,21.8,
2021,2021-08-18 23:00:00,16.6,18.5,2.8,6.0,6.0,22.0,
2021,2021-08-21 19:15:00,5.0,6.5,0.0,0.2,16.8,23.0,
2021,2021-08-23 15:00:00,0.8,0.5,0.0,5.0,5.0,22.8,
2021,2021-08-27 14:30:00,0.6,4.5,0.0,0.0,0.0,22.4,
2021,2021-08-28 04:30:00,1.4,1.0,0.6,0.6,0.6,22.3,
2021,2021-08-28 22:00:00,4.2,16.25,1.4,2.0,2.0,22.1,
2021,2021-08-29 23:30:00,4.4,4.5,2.6,5.6,6.2,21.8,
2021,2021-09-02 15:30:00,11.2,15.0,0.0,0.2,0.2,21.9,
2021,2021-09-05 05:15:00,16.6,21.25,0.0,1.0,11.4,21.7,
2021,2021-09-06 12:30:00,4.4,1.0,13.4,16.6,16.8,21.7,
2021,2021-09-07 00:45:00,9.2,9.0,4.6,21.0,21.0,21.7,
2021,2021-09-07 16:45:00,5.6,0.5,9.2,14.8,30.2,21.5,
2021,2021-09-08 01:30:00,8.4,12.5,14.6,19.4,35.8,21.5,
2021,2021-09-11 16:00:00,0.6,0.25,0.0,0.0,0.4,22.0,
2021,2021-09-12 07:30:00,8.8,10.0,0.6,0.6,0.8,22.1,
2021,2021-09-13 00:15:00,1.0,2.0,8.8,9.4,9.4,22.2,
2021,2021-09-13 21:00:00,1.2,6.0,1.0,9.8,10.4,22.1,
2021,2021-09-16 10:45:00,1.0,0.25,0.0,1.2,9.6,21.9,
2021,2021-09-23 15:30:00,7.0,0.5,0.0,0.0,0.0,21.3,
2021,2021-09-27 12:30:00,1.8,3.0,0.0,0.0,0.0,20.7,
2021,2021-09-28 02:30:00,0.6,1.5,1.8,1.8,1.8,20.5,
2021,2021-09-30 16:30:00,5.6,11.75,0.0,0.0,0.6,19.5,
2021,2021-10-01 20:30:00,5.6,0.25,3.4,5.6,5.6,19.4,
2021,2021-10-02 03:30:00,6.4,0.25,7.8,11.2,11.2,19.1,
2021,2021-10-02 18:30:00,52.8,7.25,12.0,15.6,17.6,18.9,
2021,2021-10-04 07:30:00,1.0,0.25,0.2,53.0,65.0,24.7,
2021,2021-10-04 21:00:00,1.4,0.5,1.0,45.8,60.4,23.45,
2021,2021-10-06 01:30:00,17.6,5.75,0.0,2.4,3.0,23.1,
2021,2021-10-06 18:00:00,7.6,5.75,17.6,19.0,20.2,23.15,
2021,2021-10-10 19:30:00,0.8,3.25,0.0,0.0,0.0,22.7,
2021,2021-10-11 13:30:00,4.0,4.25,0.8,0.8,0.8,22.4,
2021,2021-10-12 15:30:00,1.4,0.25,2.8,4.8,4.8,22.4,
2021,2021-10-13 02:30:00,1.0,0.25,1.4,5.4,6.2,21.95,
2021,2021-10-14 09:45:00,8.2,3.75,0.2,2.6,6.6,21.7,
2021,2021-10-16 14:30:00,59.0,12.0,0.0,0.0,8.4,21.3,
2021,2021-10-17 15:15:00,2.6,0.25,55.0,59.0,59.0,46.9,
2021,2021-10-18 00:45:00,4.8,4.25,5.4,61.6,61.6,45.7,
2021,2021-10-20 16:15:00,11.4,9.25,0.0,4.8,34.0,24.5,
2021,2021-10-21 15:00:00,0.6,0.25,11.4,11.4,18.8,24.1,
2021,2021-10-22 17:00:00,0.6,0.0,0.0,8.2,12.0,26.2,
2021,2021-10-24 18:00:00,39.2,3.25,0.0,0.0,0.6,24.1,
2021,2021-10-26 10:45:00,1.4,0.0,0.0,39.2,39.2,26.0,
2021,2021-10-29 21:30:00,15.0,0.25,0.0,0.0,0.4,24.5,
2021,2021-10-31 20:45:00,2.2,3.25,0.0,15.0,15.0,25.0,
2021,2021-11-01 21:45:00,13.2,7.0,0.6,2.2,14.4,24.8,
2021,2021-11-04 17:00:00,4.2,2.25,0.0,0.4,13.6,25.0,
2021,2021-11-05 01:30:00,1.0,4.75,4.2,4.4,14.4,24.7,
2021,2021-11-05 12:45:00,18.8,1.25,5.2,5.2,5.6,24.9,
2021,2021-11-06 14:45:00,60.2,11.5,0.4,24.4,24.4,36.75,
2021,2021-11-09 00:45:00,0.6,2.0,0.0,8.8,60.8,25.9,
2021,2021-11-10 06:30:00,1.2,1.5,0.0,0.6,0.8,25.1,
2021,2021-11-11 21:30:00,11.8,16.5,0.0,1.2,1.8,24.6,
2021,2021-11-14 03:00:00,1.0,3.75,0.0,9.8,12.2,26.1,
2021,2021-11-15 17:00:00,0.8,2.0,0.0,1.0,1.4,25.0,
2021,2021-11-16 04:00:00,0.6,3.25,0.8,1.0,1.8,24.8,
2021,2021-11-16 14:00:00,4.0,6.5,1.4,1.4,2.4,24.6,
2021,2021-11-17 18:00:00,13.0,7.5,2.0,5.4,5.6,24.5,
2021,2021-11-18 13:30:00,4.0,4.25,13.0,17.2,18.6,25.05,
2021,2021-11-19 16:30:00,0.6,0.5,0.4,17.2,20.6,27.05,
2021,2021-11-22 21:45:00,3.4,0.0,0.0,0.0,0.0,24.3,
2021,2021-11-25 23:15:00,24.2,3.75,0.0,0.0,0.2,23.7,
2021,2021-11-27 22:15:00,7.2,5.5,0.0,24.2,24.2,23.7,
2021,2021-11-29 20:45:00,3.6,3.5,0.0,7.2,7.2,24.6,
2021,2021-11-30 14:45:00,3.2,6.5,3.6,3.6,10.8,24.6,
2021,2021-12-04 18:00:00,1.0,0.5,0.0,0.0,0.0,24.4,
2022,2022-02-10 16:30:00,0.5,0.25,0.0,0.0,0.0,13.3,8.6
2022,2022-03-11 11:30:00,0.5,0.0,0.0,0.0,0.0,12.9,7.8
2022,2022-03-19 16:00:00,1.0,0.75,0.0,0.0,0.0,12.8,7.6
2022,2022-03-26 15:15:00,2.25,0.5,0.0,0.0,0.0,12.9,7.6
2022,2022-03-30 16:45:00,2.25,0.25,0.0,0.0,0.25,12.6,7.9
2022,2022-03-31 18:30:00,5.25,7.75,0.0,2.25,2.25,12.6,7.8
2022,2022-04-06 19:15:00,1.0,1.0,0.0,0.0,0.0,12.6,8.5
2022,2022-04-07 17:30:00,1.25,0.25,1.0,1.0,1.0,12.6,8.4
2022,2022-04-08 15:45:00,16.75,4.75,1.25,2.25,2.25,12.6,8.3
2022,2022-04-11 19:15:00,0.5,0.25,0.0,0.0,1.25,12.6,12.6
2022,2022-04-13 09:00:00,19.25,9.5,0.25,0.75,0.75,12.6,12.0
2022,2022-04-14 15:45:00,18.25,7.0,5.75,19.5,20.0,12.3,16.2
2022,2022-04-15 14:00:00,35.0,4.0,18.25,27.25,37.75,12.4,19.3
2022,2022-04-17 18:00:00,3.25,0.75,0.0,0.25,40.25,22.8,18.4
2022,2022-04-19 18:00:00,19.0,1.0,0.0,3.25,3.25,20.9,17.25
2022,2022-04-23 18:00:00,9.5,6.75,0.0,0.0,0.0,22.3,17.7
2022,2022-04-29 23:00:00,5.25,1.25,0.0,0.0,0.0,21.35,16.8
2022,2022-04-30 09:00:00,5.75,1.25,5.25,5.25,5.25,21.2,16.7
2022,2022-04-30 23:15:00,9.25,4.0,8.75,11.0,11.0,21.0,16.5
2022,2022-05-02 13:00:00,4.0,1.25,0.0,9.25,20.25,21.8,17.95
2022,2022-05-03 18:45:00,6.0,4.0,0.0,4.0,13.25,21.8,17.5
2022,2022-05-04 21:00:00,20.75,3.25,0.75,6.0,10.0,21.7,17.75
2022,2022-05-07 22:00:00,1.0,1.0,0.0,0.0,4.75,22.7,17.9
2022,2022-05-08 16:30:00,13.25,8.0,1.25,1.25,1.5,22.3,17.6
2022,2022-05-12 16:15:00,16.0,14.5,0.0,0.0,0.0,22.4,17.7
2022,2022-05-15 04:00:00,4.75,2.0,0.0,1.5,16.0,24.3,19.25
2022,2022-05-16 14:00:00,4.25,2.25,0.0,4.75,4.75,23.55,18.8
2022,2022-05-17 02:45:00,4.75,5.25,4.25,9.0,9.0,23.1,18.65
2022,2022-05-18 14:45:00,10.5,10.0,0.0,7.25,9.0,25.05,20.15
2022,2022-05-19 08:15:00,13.0,0.5,10.5,10.5,19.5,24.9,20.15
2022,2022-05-20 15:00:00,6.75,3.75,0.25,22.5,23.75,23.4,19.0
2022,2022-05-21 14:30:00,0.5,3.5,6.75,7.0,30.5,23.4,19.45
2022,2022-05-22 15:30:00,1.0,1.5,0.25,7.0,7.5,22.9,18.5
2022,2022-05-24 12:30:00,1.5,0.25,0.0,1.0,1.5,22.0,17.5
2022,2022-05-26 14:00:00,12.25,2.0,0.0,0.0,1.5,21.4,16.4
2022,2022-06-25 04:00:00,2.0,4.0,0.0,0.25,0.75,13.5,9.6
2022,2022-06-27 06:30:00,0.75,0.25,0.25,0.75,2.25,13.5,9.5
2022,2022-06-28 12:30:00,1.25,0.0,0.25,1.0,1.25,13.5,9.3
2022,2022-06-29 02:30:00,0.75,1.25,1.25,2.25,2.5,13.2,9.3
2022,2022-06-29 11:00:00,1.5,6.25,2.0,2.25,3.25,13.2,9.3
2022,2022-06-30 06:00:00,0.5,0.25,1.5,3.5,4.5,13.2,9.3
2022,2022-07-02 01:45:00,3.5,5.0,0.25,2.0,4.25,13.4,9.5
2022,2022-07-02 16:45:00,2.25,4.25,3.75,4.25,6.25,13.2,9.4
2022,2022-07-03 04:45:00,21.0,23.5,3.0,6.0,7.75,13.2,9.4
2022,2022-07-04 12:15:00,2.25,0.25,5.0,23.25,27.0,13.5,9.6
2022,2022-07-04 21:00:00,13.75,35.5,5.25,23.5,29.0,13.5,9.6
2022,2022-07-06 17:00:00,17.25,25.75,7.25,13.75,20.25,13.7,10.9
2022,2022-07-08 03:00:00,3.0,10.25,12.25,21.5,29.75,13.4,16.4
2022,2022-07-09 00:15:00,48.5,68.25,3.0,15.5,27.0,13.4,17.2
2022,2022-07-12 05:00:00,9.0,10.0,9.0,26.75,40.0,25.45,19.1
2022,2022-07-13 00:45:00,17.25,36.0,9.0,21.0,37.75,23.6,18.6
2022,2022-07-14 21:00:00,22.75,44.75,8.75,17.25,26.25,24.1,19.1
2022,2022-07-17 10:30:00,2.25,3.75,8.5,16.5,23.0,24.1,19.1
2022,2022-07-18 05:45:00,35.25,16.0,2.25,13.5,21.25,22.6,18.2
2022,2022-07-19 19:15:00,2.0,0.75,3.25,35.25,37.5,24.5,19.3
2022,2022-07-20 16:45:00,8.25,10.75,2.0,6.0,37.25,22.7,18.3
2022,2022-07-21 14:15:00,0.5,0.0,8.25,10.25,14.5,22.9,18.7
2022,2022-07-21 22:30:00,0.5,2.0,2.0,8.75,10.75,23.35,18.7
2022,2022-07-22 16:45:00,0.5,0.0,0.5,9.25,11.25,22.8,18.1
2022,2022-07-26 20:45:00,1.5,0.75,0.0,0.0,0.0,21.0,15.5
2022,2022-07-27 20:30:00,11.25,5.75,1.75,1.75,1.75,20.5,15.2
2022,2022-07-28 17:15:00,2.0,2.0,11.25,13.0,13.0,21.1,18.65
2022,2022-07-29 14:30:00,12.75,0.5,2.0,13.25,15.0,21.8,17.7
2022,2022-07-30 20:45:00,3.0,4.25,0.0,12.75,19.0,24.3,18.7
2022,2022-07-31 20:00:00,10.25,11.25,3.0,3.0,15.75,23.0,17.95
2022,2022-08-01 15:30:00,11.75,9.0,10.25,13.25,13.25,24.0,19.5
2022,2022-08-02 11:00:00,8.25,11.0,11.75,22.0,25.0,26.75,20.3
2022,2022-08-03 18:15:00,49.25,6.0,1.25,17.5,30.5,24.4,19.2
2022,2022-08-04 07:30:00,32.75,21.25,49.25,57.75,69.5,26.95,20.7
2022,2022-08-05 12:00:00,19.5,43.75,19.25,82.0,90.25,47.1,22.8
2022,2022-08-07 18:30:00,13.0,16.25,6.75,13.0,26.5,24.8,20.35
2022,2022-08-08 17:00:00,1.0,5.25,13.0,19.75,29.0,24.75,20.55
2022,2022-08-09 18:45:00,4.25,3.75,0.75,12.25,20.75,23.5,19.4
2022,2022-08-11 00:30:00,1.0,1.0,0.0,4.25,13.75,23.2,19.2
2022,2022-08-11 08:00:00,8.25,13.5,1.0,5.25,7.0,23.1,19.0
2022,2022-08-16 08:45:00,0.5,0.0,0.0,0.0,0.0,22.1,17.9
2022,2022-08-21 13:30:00,14.75,2.5,0.0,0.0,0.0,21.3,16.9
2022,2022-08-24 04:30:00,0.5,0.0,0.0,0.0,14.75,21.8,18.2
2022,2022-08-24 21:00:00,1.75,2.5,0.5,0.5,0.5,21.8,17.9
2022,2022-08-25 14:15:00,11.5,14.25,1.75,2.25,2.25,21.7,17.6
2022,2022-08-26 21:30:00,17.25,9.75,6.25,12.5,13.75,22.05,19.7
2022,2022-08-28 16:45:00,24.0,18.5,0.0,17.25,23.75,24.3,19.1
2022,2022-08-29 22:45:00,30.0,30.0,15.5,24.0,37.75,30.25,21.7
2022,2022-08-31 12:00:00,3.5,6.75,10.5,30.0,54.0,29.15,22.15
2022,2022-09-01 14:30:00,5.75,2.0,3.25,14.0,33.5,25.4,20.6
2022,2022-09-03 16:00:00,1.75,0.75,0.0,0.5,8.75,23.6,19.6
2022,2022-09-04 19:00:00,61.0,12.25,0.0,1.75,2.0,22.9,18.9
2022,2022-09-06 22:45:00,6.25,1.75,0.0,54.25,61.0,24.8,20.25
2022,2022-09-10 13:15:00,1.25,0.25,0.25,0.25,0.75,22.8,18.6
2022,2022-09-25 21:15:00,3.25,1.25,0.25,0.25,0.25,19.4,10.0
2022,2022-10-01 05:15:00,1.25,2.25,0.0,0.0,0.0,17.9,9.4
2022,2022-10-02 18:15:00,3.5,3.0,0.0,1.25,1.25,17.2,9.1
2022,2022-10-06 13:00:00,2.25,0.25,0.0,0.0,0.0,15.6,9.0
2022,2022-10-09 15:15:00,50.0,16.0,0.0,0.0,0.0,14.9,8.9
2022,2022-10-10 17:15:00,7.75,10.0,15.5,50.0,50.0,20.9,21.1
2022,2022-10-11 14:45:00,2.5,0.25,7.75,57.75,57.75,26.3,21.3
2022,2022-10-12 07:15:00,2.0,0.25,2.5,10.5,60.25,26.2,20.7
2022,2022-10-13 03:30:00,2.0,0.75,2.0,4.5,20.0,25.6,20.3
2022,2022-10-13 16:30:00,0.5,0.75,2.0,4.0,14.25,25.0,20.0
2022,2022-10-14 04:30:00,25.75,2.25,0.5,4.5,7.0,24.7,19.9
2022,2022-10-15 00:00:00,15.75,6.5,25.75,28.25,30.25,25.45,20.7
2022,2022-10-15 23:30:00,11.75,3.25,15.75,41.5,44.0,36.25,21.45
2022,2022-10-18 12:30:00,19.0,2.0,0.0,0.5,12.25,23.75,19.7
2022,2022-10-19 18:30:00,15.25,6.25,0.0,19.0,19.25,25.0,20.4
2022,2022-10-20 17:45:00,5.75,8.75,15.25,15.25,34.25,25.95,21.1
2022,2022-10-21 13:15:00,23.75,3.25,5.75,21.0,26.75,25.4,20.8
2022,2022-11-02 15:45:00,0.5,1.5,0.0,0.0,0.0,21.5,17.7
2022,2022-11-03 10:30:00,1.75,6.25,0.5,0.5,0.5,21.4,17.5
2022,2022-11-04 19:15:00,3.25,0.25,0.0,1.75,2.25,21.1,17.4
2022,2022-11-05 15:00:00,0.5,0.0,3.25,4.75,5.5,21.2,17.4
2022,2022-11-11 12:00:00,50.5,36.5,0.0,0.0,0.0,20.5,16.9
2022,2022-11-16 12:15:00,3.5,3.25,0.0,0.0,0.0,23.8,19.3
2022,2022-11-21 14:00:00,1.0,0.25,0.0,0.0,0.0,21.6,17.45
2022,2022-11-22 07:45:00,8.5,2.25,1.0,1.0,1.0,21.5,17.2
2022,2022-11-26 11:15:00,1.0,0.5,0.0,0.0,0.0,21.8,18.3
2022,2022-12-04 19:00:00,0.5,0.25,0.0,0.0,0.0,20.4,13.4
2022,2022-12-10 13:15:00,12.75,19.25,0.5,0.5,0.5,19.1,11.1
2022,2022-12-12 08:15:00,0.5,1.0,0.25,12.75,13.25,19.1,10.9
2022,2022-12-13 23:30:00,1.0,1.0,0.0,0.75,11.75,18.9,11.3
2022,2022-12-23 11:00:00,1.0,2.0,0.0,0.25,0.25,14.5,10.3
2022,2022-12-25 22:00:00,9.5,3.0,0.0,0.0,1.0,14.1,10.1
2023,2023-01-09 14:15:00,1.75,0.5,0.0,0.0,0.0,9.2,12.6
2023,2023-01-16 11:45:00,2.5,1.5,0.0,0.0,0.0,8.7,12.1
2023,2023-01-19 12:45:00,1.25,1.75,0.0,0.0,1.25,8.6,12.0
2023,2023-02-11 12:30:00,2.0,0.75,0.25,0.25,0.25,7.8,11.5
2023,2023-02-16 09:15:00,10.0,2.25,0.0,0.0,0.0,7.5,11.4
2023,2023-03-15 16:30:00,3.75,3.0,0.0,0.0,0.0,6.9,11.1
2023,2023-03-16 17:15:00,39.5,2.75,0.75,3.75,3.75,6.8,11.1
2023,2023-03-17 19:00:00,1.25,0.5,0.5,40.0,43.5,18.6,16.8
2023,2023-03-26 16:30:00,16.75,6.5,0.0,0.0,0.0,13.2,13.6
2023,2023-03-29 17:45:00,5.25,0.75,0.0,0.0,11.75,14.1,12.8
2023,2023-03-30 20:45:00,1.0,0.5,0.0,5.25,5.25,13.8,13.0
2023,2023-04-04 05:00:00,3.5,5.25,0.0,0.0,0.0,12.0,12.4
2023,2023-04-16 08:30:00,2.0,0.75,0.0,0.0,0.0,8.5,11.2
2023,2023-04-21 15:00:00,0.75,2.75,0.0,0.0,0.0,8.1,11.1
2023,2023-04-23 15:30:00,9.0,0.5,0.0,0.25,0.75,8.0,10.9
2023,2023-04-29 20:30:00,1.5,3.25,0.0,0.0,0.0,8.0,10.9
2023,2023-05-01 16:45:00,34.75,6.5,0.0,1.5,1.5,8.1,11.1
2023,2023-05-02 23:15:00,28.5,5.75,0.25,34.75,36.25,17.3,11.1
2023,2023-05-04 16:15:00,4.5,1.0,0.0,28.5,63.25,18.8,20.5
2023,2023-05-06 19:15:00,6.0,9.0,0.0,0.0,4.5,17.7,19.3
2023,2023-05-08 23:00:00,24.25,4.0,0.0,2.25,6.0,17.0,18.7
2023,2023-05-09 21:45:00,14.5,3.5,24.25,24.25,27.0,20.2,24.8
2023,2023-05-11 19:30:00,5.5,1.75,0.0,14.5,38.75,19.3,23.25
2023,2023-05-13 15:30:00,4.75,0.75,0.0,5.5,5.5,18.7,22.2
2023,2023-05-20 22:30:00,10.5,2.25,0.0,0.0,0.0,16.9,20.05
2023,2023-05-21 17:15:00,23.25,3.25,10.5,10.5,10.5,17.05,19.9
2023,2023-05-24 20:15:00,1.5,1.0,0.0,0.0,0.25,18.7,22.5
2023,2023-05-30 14:15:00,1.75,0.75,0.0,0.0,0.0,16.95,20.3
2023,2023-06-01 02:45:00,1.25,1.0,0.0,1.75,1.75,16.3,20.0
2023,2023-06-20 21:00:00,0.5,0.75,0.0,0.0,0.0,11.2,13.8
2023,2023-06-21 11:15:00,12.5,9.25,0.5,0.5,0.5,11.0,13.8
2023,2023-06-23 14:45:00,3.5,0.25,0.0,7.0,13.0,10.6,13.6
2023,2023-06-25 16:00:00,3.0,0.5,0.0,0.0,3.5,10.5,13.3
2023,2023-06-26 18:45:00,0.5,0.25,0.0,3.0,3.0,10.5,13.2
2023,2023-06-29 12:45:00,4.5,7.25,0.0,0.0,0.5,10.4,13.0
2023,2023-07-01 01:30:00,0.75,0.75,4.5,4.5,4.5,10.3,13.0
2023,2023-07-03 03:45:00,1.25,6.5,0.0,0.0,1.75,10.3,12.7
2023,2023-07-04 14:15:00,42.5,57.5,0.0,1.25,1.25,10.0,12.5
2023,2023-07-07 07:45:00,2.75,1.75,15.0,30.0,42.5,16.0,12.5
2023,2023-07-08 04:00:00,2.25,8.25,2.75,19.25,33.0,15.8,12.5
2023,2023-07-08 20:00:00,0.75,1.0,2.25,7.75,26.75,15.5,12.5
2023,2023-07-11 11:30:00,3.25,7.5,0.0,0.0,1.5,14.3,12.4
2023,2023-07-17 10:45:00,4.5,6.5,0.0,0.25,0.5,14.6,12.7
2023,2023-07-20 07:45:00,1.75,1.0,0.25,0.75,5.5,18.1,13.6
2023,2023-07-25 15:45:00,16.5,31.75,0.0,1.75,2.25,17.5,18.6
2023,2023-07-27 10:15:00,7.25,13.0,1.75,16.5,16.5,18.7,23.1
2023,2023-07-28 13:30:00,2.0,4.25,6.25,9.0,23.75,18.8,22.8
2023,2023-08-01 05:00:00,2.75,1.75,0.0,0.25,0.25,16.5,20.6
2023,2023-08-04 05:30:00,1.25,6.25,0.0,0.0,1.25,16.55,20.0
2023,2023-08-11 23:30:00,24.0,4.0,0.0,0.0,0.25,15.3,18.9
2023,2023-08-17 15:45:00,2.25,0.0,0.0,0.25,0.25,15.9,19.45
2023,2023-08-19 05:30:00,1.25,0.5,0.0,2.25,2.5,14.8,18.8
2023,2023-08-19 13:30:00,4.25,6.0,1.25,3.5,3.5,14.8,18.7
2023,2023-08-20 13:45:00,0.75,0.0,3.75,5.5,7.75,14.5,18.9
2023,2023-08-22 17:00:00,0.75,0.25,0.0,0.25,1.75,16.5,18.3
2023,2023-08-29 17:15:00,1.5,3.25,0.0,0.0,0.0,10.3,14.1
2023,2023-08-30 19:00:00,3.0,0.25,0.5,1.5,1.5,10.1,13.6
2023,2023-09-02 15:15:00,9.0,1.0,0.0,0.0,3.0,10.0,13.7
2023,2023-09-05 20:15:00,0.5,3.5,0.0,0.0,0.0,10.3,13.6
2023,2023-09-07 11:45:00,1.25,4.25,0.25,1.0,1.0,10.1,13.5
2023,2023-09-07 23:30:00,1.0,0.75,1.5,2.0,2.25,10.0,13.5
2023,2023-09-09 02:00:00,0.75,1.75,0.25,2.5,3.0,9.9,13.4
2023,2023-09-10 17:15:00,1.0,1.25,0.25,1.25,2.25,9.8,13.3
2023,2023-09-13 13:00:00,0.75,2.5,0.0,0.25,1.25,9.9,13.1
2023,2023-09-14 07:30:00,1.0,0.0,0.75,1.0,1.0,9.9,13.1
2023,2023-09-17 14:45:00,10.0,3.25,0.0,0.0,0.0,9.5,13.1
2023,2023-09-30 02:30:00,3.0,16.25,0.0,0.0,0.0,11.0,13.1
2023,2023-10-01 16:00:00,0.5,0.0,0.5,3.0,3.0,10.6,12.9
2023,2023-10-08 13:30:00,7.75,2.25,0.0,0.0,0.0,9.2,12.8
2023,2023-10-09 22:15:00,7.0,8.5,0.0,7.75,7.75,8.8,12.8
2023,2023-10-11 15:30:00,1.0,1.25,0.0,7.0,7.25,8.9,12.7
2023,2023-10-11 23:30:00,8.25,2.5,1.0,7.25,8.0,8.9,12.7
2023,2023-10-12 13:15:00,1.0,2.75,9.25,9.25,16.25,9.2,12.6
2023,2023-10-14 17:45:00,10.0,13.5,0.0,0.0,9.25,12.0,12.6
2023,2023-10-16 15:15:00,19.0,5.5,0.0,10.0,10.0,11.3,12.6
2023,2023-10-29 14:15:00,2.0,0.25,0.0,0.0,0.0,9.5,13.7
2023,2023-10-31 17:15:00,1.0,1.5,0.0,0.0,2.0,9.3,13.4
2023,2023-12-01 11:15:00,30.0,0.25,0.0,0.0,0.0,13.1,17.2
2023,2023-12-03 08:45:00,0.75,0.0,0.0,30.0,30.0,12.8,17.3
2023,2023-12-07 18:30:00,1.75,1.0,0.0,0.0,0.0,12.6,16.7
2024,2024-01-04 17:30:00,4.25,2.5,0.0,0.0,0.0,18.9,17.75
2024,2024-01-05 03:00:00,0.75,4.25,4.25,4.25,4.25,19.2,17.7
2024,2024-01-05 17:30:00,1.0,0.5,5.0,5.0,5.0,19.85,17.9
2024,2024-01-07 16:15:00,0.75,1.0,0.0,1.0,6.0,20.7,17.6
2024,2024-01-09 13:30:00,2.75,1.25,0.0,0.75,0.75,20.2,17.1
2024,2024-04-20 16:00:00,9.25,0.5,0.0,0.0,0.0,12.1,7.9
2024,2024-04-30 18:00:00,1.0,0.0,0.0,0.0,0.0,12.1,9.5
2024,2024-05-01 18:30:00,31.0,0.5,0.0,1.0,1.0,11.9,9.3
2024,2024-05-03 16:15:00,8.75,0.75,0.0,31.0,32.0,12.1,15.0
2024,2024-05-08 20:00:00,23.75,3.75,0.0,0.0,0.0,12.3,14.2
2024,2024-05-11 00:15:00,0.75,0.0,0.0,0.0,23.75,17.9,15.5
2024,2024-05-11 14:30:00,9.25,1.5,0.75,0.75,24.5,17.6,15.4
2024,2024-05-12 14:30:00,9.25,0.5,9.25,10.0,10.0,18.1,16.2
2024,2024-05-13 15:00:00,5.75,1.75,0.25,10.25,19.25,19.6,16.5
2024,2024-05-15 19:45:00,2.75,3.25,0.0,0.0,5.75,19.9,16.5
2024,2024-05-17 15:45:00,70.0,7.75,0.0,2.75,2.75,19.1,16.05
2024,2024-05-18 14:45:00,46.0,3.0,70.0,70.0,72.75,24.2,20.2
2024,2024-05-19 13:15:00,28.5,3.75,46.0,116.0,116.0,24.6,21.0
2024,2024-05-20 13:30:00,44.75,13.25,27.0,74.5,144.5,24.75,20.8
2024,2024-05-21 14:45:00,4.0,4.75,12.5,50.75,119.25,37.4,21.95
2024,2024-05-22 15:30:00,55.0,12.0,3.0,16.0,51.25,23.55,20.7
2024,2024-05-23 16:15:00,1.25,3.0,54.75,58.0,71.0,26.6,21.4
2024,2024-05-24 01:30:00,1.25,1.0,2.0,56.25,61.0,24.6,20.7
2024,2024-05-24 19:15:00,9.75,1.25,1.5,42.5,58.0,23.1,19.8
2024,2024-06-01 19:45:00,2.0,1.25,0.0,0.0,0.0,20.0,17.4
2024,2024-06-02 14:30:00,16.0,11.5,2.0,2.0,2.0,19.9,17.3
2024,2024-06-03 14:45:00,1.5,5.75,15.75,18.0,18.0,20.6,17.9
2024,2024-06-04 15:45:00,6.75,0.75,0.5,2.25,19.5,21.3,18.4
2024,2024-06-06 14:45:00,40.25,9.0,0.0,6.75,8.25,21.7,18.5
2024,2024-06-08 17:15:00,22.0,2.25,0.0,2.5,40.25,22.4,19.0
2024,2024-06-10 00:15:00,2.75,2.0,0.0,22.0,22.0,23.7,19.4
2024,2024-06-10 10:30:00,7.0,4.0,2.75,24.75,24.75,22.6,19.2
2024,2024-06-18 06:15:00,6.75,1.5,0.0,0.0,0.0,19.9,17.2
2024,2024-06-21 15:45:00,0.75,0.5,0.0,0.25,0.25,19.1,16.1
2024,2024-06-23 15:45:00,3.25,6.25,0.0,0.75,0.75,18.9,15.65
2024,2024-06-25 12:30:00,21.75,21.5,0.25,3.5,3.5,18.6,15.2
2024,2024-06-26 18:15:00,7.25,16.25,16.75,22.0,24.5,18.5,14.9
2024,2024-06-28 12:45:00,0.75,0.0,0.25,7.5,28.75,19.1,16.4
2024,2024-06-30 03:30:00,14.75,26.5,0.0,1.0,4.5,19.35,16.1
2024,2024-07-02 11:30:00,0.75,0.0,6.0,14.75,14.75,19.9,16.7
2024,2024-07-03 15:30:00,0.5,0.0,0.0,6.25,15.5,20.5,16.9
2024,2024-07-04 02:45:00,0.5,0.0,0.5,1.25,12.5,20.3,16.9
2024,2024-07-05 10:45:00,0.5,0.0,0.0,1.0,1.75,19.9,16.7
2024,2024-07-06 15:00:00,3.25,2.5,0.0,0.5,1.5,19.6,16.3
2024,2024-07-07 03:45:00,2.25,8.75,3.25,3.75,3.75,19.4,16.15
2024,2024-07-08 05:15:00,2.75,3.25,1.5,5.5,6.0,19.2,16.1
2024,2024-07-08 16:00:00,5.75,5.25,2.75,8.0,8.25,19.2,16.1
2024,2024-07-09 16:30:00,0.75,3.25,4.5,8.5,13.75,19.05,16.2
2024,2024-07-10 18:30:00,0.5,0.0,0.5,1.25,9.25,19.2,16.7
2024,2024-07-12 03:15:00,22.0,15.0,0.0,0.75,1.5,19.4,16.4
2024,2024-07-13 03:15:00,7.25,9.5,22.0,22.0,22.75,19.5,16.6
2024,2024-07-13 21:15:00,8.5,3.0,7.25,29.25,29.5,23.1,18.4
2024,2024-07-14 10:15:00,0.75,0.0,9.25,37.25,37.75,24.55,19.0
2024,2024-07-14 19:45:00,127.5,93.75,9.25,16.5,38.5,24.0,19.1
2024,2024-07-19 01:00:00,13.75,23.75,44.75,69.25,88.25,27.9,21.4
2024,2024-07-20 07:00:00,0.5,5.0,9.5,45.25,79.25,25.3,20.8
2024,2024-07-22 13:45:00,3.25,5.0,0.0,0.0,3.25,22.3,19.4
2024,2024-07-23 04:45:00,7.0,14.25,3.25,3.25,3.75,22.0,19.1
2024,2024-07-24 01:15:00,2.0,0.5,7.0,10.25,10.25,22.0,19.1
2024,2024-07-24 10:00:00,8.0,7.25,8.0,12.25,12.25,22.1,19.3
2024,2024-07-25 02:15:00,2.0,1.0,8.0,17.0,20.25,23.35,19.9
2024,2024-07-25 13:00:00,24.25,38.0,6.5,17.75,22.25,25.2,20.3
2024,2024-07-27 10:00:00,0.5,0.0,14.75,24.25,34.25,27.75,20.7
2024,2024-07-28 18:30:00,0.5,0.25,0.0,12.0,21.75,23.3,19.9
2024,2024-07-29 19:00:00,16.5,13.5,0.25,0.75,12.25,22.2,19.3
2024,2024-07-31 17:30:00,8.0,6.75,0.0,16.75,17.5,23.7,20.1
2024,2024-08-01 15:15:00,3.0,10.25,8.25,8.25,25.0,24.6,20.2
2024,2024-08-02 09:30:00,0.5,0.25,3.0,11.25,11.5,23.5,20.1
2024,2024-08-04 07:00:00,4.0,0.5,0.0,0.75,4.0,22.1,19.4
2024,2024-08-04 15:00:00,1.5,2.75,4.0,4.25,7.75,22.0,19.4
2024,2024-08-10 20:00:00,3.0,0.25,0.0,0.25,0.25,20.8,18.05
2024,2024-08-12 02:45:00,5.25,3.5,0.0,3.0,3.25,20.8,18.1
2024,2024-08-13 15:45:00,4.25,0.75,0.0,5.25,8.25,22.5,18.6
2024,2024-08-14 13:00:00,8.25,18.25,4.25,4.25,9.5,22.3,18.95
2024,2024-08-16 10:30:00,6.0,5.75,0.0,8.25,12.5,22.9,19.3
2024,2024-08-18 15:30:00,1.25,3.5,0.0,5.5,6.0,22.8,19.3
2024,2024-08-19 19:15:00,4.0,3.0,0.5,1.75,1.75,22.2,19.1
2024,2024-08-20 12:45:00,10.0,2.25,4.0,5.75,5.75,22.1,19.1
2024,2024-08-26 23:00:00,1.25,7.75,0.0,0.0,0.0,21.0,18.5
2024,2024-08-28 15:15:00,1.75,0.25,0.0,1.25,1.25,20.5,18.0
2024,2024-08-29 10:00:00,6.75,18.25,1.75,1.75,3.0,20.3,17.7
2024,2024-08-31 05:45:00,0.75,3.0,0.0,6.75,8.5,20.0,17.7
2024,2024-09-02 08:15:00,4.5,15.75,0.0,0.25,0.75,19.9,17.1
2024,2024-09-03 14:00:00,4.25,1.75,2.25,4.5,4.5,19.7,16.8
2024,2024-09-05 18:30:00,1.25,0.25,0.25,0.5,6.5,19.6,16.3
2024,2024-09-07 15:45:00,0.5,0.25,0.0,1.25,1.5,19.3,15.9
2024,2024-09-08 13:45:00,2.25,4.25,0.75,0.75,2.0,19.1,15.8
2024,2024-09-09 18:15:00,1.75,0.75,0.0,2.5,3.0,19.1,15.5
2024,2024-09-10 16:15:00,1.5,0.25,1.75,3.5,4.25,19.0,15.1
2024,2024-09-11 02:45:00,2.0,3.5,1.5,3.25,5.75,19.0,14.9
2024,2024-09-14 13:45:00,1.25,0.75,0.0,0.0,0.25,18.5,13.9
2024,2024-09-15 13:15:00,5.0,0.5,1.25,1.25,1.25,18.6,13.3
2024,2024-09-16 16:00:00,1.25,0.5,0.0,5.0,6.25,18.5,12.7
2024,2024-09-28 16:30:00,2.75,2.25,0.0,0.0,0.0,17.0,10.0
2024,2024-09-29 02:00:00,4.75,4.0,2.75,2.75,2.75,17.0,10.2
2024,2024-10-01 15:30:00,17.25,1.75,0.0,0.0,7.5,16.3,10.4
2024,2024-10-03 18:00:00,11.25,1.0,0.25,0.5,17.75,16.1,10.3
2024,2024-10-05 17:15:00,24.25,6.5,0.0,11.25,11.5,16.6,10.3
2024,2024-10-06 10:15:00,11.75,8.5,24.25,24.25,35.75,23.9,10.3
2024,2024-10-07 15:00:00,1.0,0.25,9.5,36.0,36.0,24.9,15.8
2024,2024-10-08 03:45:00,1.25,1.75,1.0,12.75,37.0,23.8,16.7
2024,2024-10-08 13:45:00,14.25,1.75,2.25,12.25,38.25,23.5,17.0
2024,2024-10-09 14:30:00,13.75,4.0,14.0,16.75,26.75,24.7,18.1
2024,2024-10-11 14:15:00,0.75,0.0,0.0,14.0,28.25,23.25,18.5
2024,2024-10-11 23:00:00,5.0,11.5,0.75,1.0,15.0,22.9,18.4
2024,2024-10-13 10:30:00,12.5,7.0,0.25,5.75,6.0,22.7,18.5
2024,2024-10-14 15:30:00,33.75,12.5,1.0,12.75,17.75,25.05,19.1
2024,2024-10-15 17:15:00,56.75,3.75,33.5,34.75,46.5,25.1,19.7
2024,2024-10-20 06:15:00,2.0,1.0,0.0,0.0,0.0,22.05,19.1
2024,2024-10-20 19:15:00,1.25,1.25,2.0,2.0,2.0,22.0,19.1
2024,2024-10-21 12:45:00,4.0,2.25,1.25,3.25,3.25,22.0,19.1
2024,2024-10-22 21:45:00,17.25,4.25,0.0,4.0,7.25,21.9,19.0
2024,2024-10-23 23:00:00,1.0,1.75,4.75,17.25,21.25,26.55,20.5
2024,2024-10-24 15:30:00,1.0,3.25,1.0,18.25,18.25,24.95,20.45
2024,2024-11-01 12:00:00,1.5,0.5,0.0,0.0,0.0,20.85,17.6
2024,2024-11-12 17:30:00,0.75,1.75,0.0,0.25,0.25,19.3,15.35
2024,2024-11-15 17:45:00,10.25,2.75,0.25,0.25,1.0,19.0,14.7
2024,2024-11-16 13:45:00,3.5,2.5,10.25,10.5,10.5,19.2,14.8
2024,2024-11-17 15:15:00,0.5,0.0,3.0,13.75,14.0,19.2,15.0
2024,2024-11-26 20:45:00,2.5,0.75,0.0,0.0,0.0,18.9,14.5
2024,2024-11-27 04:00:00,0.75,0.25,2.5,2.5,2.5,19.2,14.5
2024,2024-12-01 20:45:00,34.5,23.0,0.25,0.25,0.25,18.8,14.6
2024,2024-12-03 03:45:00,0.75,2.75,16.5,34.5,34.75,25.3,16.6
2024,2024-12-21 13:15:00,4.75,3.0,0.0,0.0,0.0,20.9,17.5
2024,2024-12-26 18:30:00,3.5,3.75,0.0,0.0,0.0,20.2,17.2
2025,2025-01-10 13:15:00,4.75,3.0,0.0,0.0,0.0,20.1,17.4
2025,2025-01-27 09:30:00,8.0,1.5,0.25,0.25,0.25,21.4,18.1
2025,2025-01-28 09:30:00,2.25,0.5,8.0,8.25,8.25,21.2,17.8
2025,2025-01-30 09:30:00,7.75,1.5,0.0,2.25,10.25,20.6,17.3
2025,2025-01-31 08:30:00,1.0,0.25,7.75,7.75,10.0,20.5,17.2
2025,2025-01-31 23:00:00,9.5,0.0,1.0,8.75,8.75,20.5,17.2
2025,2025-02-14 09:45:00,3.75,1.5,0.0,0.0,0.0,19.05,15.4
2025,2025-02-15 10:45:00,2.0,0.25,1.25,3.75,3.75,18.8,15.4
2025,2025-03-12 18:30:00,0.75,0.0,0.0,0.0,0.0,17.9,12.5
2025,2025-03-17 17:00:00,8.0,2.5,0.0,0.0,0.0,17.4,11.6
2025,2025-03-22 15:30:00,41.5,4.25,0.0,0.0,0.0,17.2,10.9
2025,2025-03-23 16:15:00,0.5,0.0,18.25,41.75,41.75,24.05,18.2
2025,2025-03-28 19:00:00,2.5,0.25,0.0,0.0,0.0,20.0,16.55
2025,2025-04-03 16:00:00,7.75,0.75,0.0,0.0,0.0,19.0,15.5
2025,2025-04-04 23:45:00,25.25,5.0,0.0,7.75,7.75,18.9,15.35
2025,2025-04-12 16:15:00,4.75,0.75,0.0,0.0,0.0,20.5,16.8
2025,2025-04-13 01:15:00,0.5,0.5,4.75,4.75,4.75,20.5,16.7
2025,2025-04-13 11:30:00,0.5,4.0,5.25,5.25,5.25,20.3,16.6
2025,2025-04-14 09:45:00,2.75,6.0,0.5,5.75,5.75,20.3,16.6
2025,2025-04-16 17:15:00,5.25,0.5,0.0,0.25,3.0,20.2,16.4
2025,2025-04-18 15:45:00,34.75,1.25,0.0,5.25,5.25,20.0,16.4
2025,2025-04-20 17:15:00,8.0,0.25,0.0,0.0,34.75,23.5,19.55
2025,2025-05-02 16:00:00,5.75,0.5,0.0,0.25,0.25,20.2,16.6
2025,2025-05-03 01:00:00,2.25,1.5,5.75,5.75,6.0,20.2,16.6
2025,2025-05-14 13:45:00,29.25,5.25,0.0,0.0,0.0,19.5,15.9
2025,2025-05-17 19:15:00,5.0,7.5,0.0,0.0,0.25,22.0,17.6
2025,2025-05-18 17:00:00,10.5,11.5,5.0,5.0,5.0,21.7,17.5
2025,2025-05-23 15:15:00,9.75,13.25,0.0,0.0,0.25,21.6,17.6
2025,2025-05-24 17:45:00,108.25,77.75,5.25,9.75,9.75,21.4,17.6
2025,2025-05-28 11:15:00,18.5,28.25,14.0,41.0,102.75,27.4,20.4
2025,2025-05-29 23:30:00,5.75,8.75,10.5,18.75,35.5,27.5,20.1
2025,2025-06-03 07:30:00,0.75,0.25,0.0,0.0,0.0,21.7,18.15
2025,2025-06-03 16:30:00,1.25,0.25,0.75,0.75,0.75,21.6,18.1
2025,2025-06-14 01:00:00,1.5,4.0,0.25,0.25,0.25,20.3,17.2
2025,2025-06-14 11:30:00,2.5,7.0,1.75,1.75,1.75,20.3,17.1
2025,2025-06-15 03:00:00,0.75,4.0,3.0,4.25,4.25,20.2,17.1
2025,2025-06-15 14:00:00,6.5,8.5,2.5,5.0,5.0,20.2,17.0
2025,2025-06-16 15:30:00,16.5,27.5,4.5,9.0,11.25,20.1,16.8
2025,2025-06-18 02:15:00,1.0,3.0,9.0,16.5,23.75,23.35,17.3
2025,2025-06-18 12:45:00,7.5,6.25,2.25,17.5,24.0,24.0,17.9
2025,2025-06-19 11:15:00,2.5,4.5,7.75,12.25,25.25,24.9,18.4
2025,2025-06-22 13:30:00,0.75,0.25,0.0,0.0,0.5,22.5,18.1
2025,2025-06-23 00:45:00,7.25,3.75,0.75,0.75,1.0,22.2,17.9
2025,2025-06-23 15:30:00,1.5,0.5,7.25,8.0,8.0,22.0,17.9
2025,2025-06-24 03:45:00,5.5,8.0,4.25,9.5,9.5,22.4,18.05
2025,2025-06-24 19:15:00,8.75,24.0,5.5,14.25,15.0,22.7,18.2
2025,2025-06-26 02:45:00,0.75,3.75,7.75,14.25,20.25,23.4,18.6
2025,2025-06-26 14:00:00,4.25,9.0,3.75,9.5,16.5,23.9,18.6
2025,2025-06-27 12:00:00,0.75,2.25,4.25,10.25,13.75,23.6,18.6
2025,2025-06-28 17:15:00,2.75,7.75,0.25,4.75,8.75,23.0,18.6
2025,2025-06-30 04:30:00,0.75,1.75,0.0,2.75,3.75,22.5,18.4
